email,payment_identifier,payment_description
johnTheKing2@yahoo.com,4e0fc35a-703f-4ca2-ab4c-57e9824c2e0b,John Dalle 1238127
johnTheKing2@yahoo.com,a2209370-bdb0-44c5-b4c5-27532022bef3,John Dalle 1827398
johnTheKing2@yahoo.com,82c06af0-08e6-4304-bf9e-b79600814439,John Dalle 2142
D234AbJarry@rockingit.it,b7a0879f-b510-442c-b0d1-595e3c7ca4ef,Jarry Cohen 23
D234AbJarry@rockingit.it,32afe1dc-1746-4ea9-9a33-f8cc3dd07b8e,Jarry Cohen 6548
BarbraSA@rockingit.it,2459190c-ff94-4d8c-baf8-2fdf15dd2007,Barbra Smith 322
Shawn@gmail.com,9954c0d3-fc8f-4234-b77f-20eaaf674841,Shawn Brown 92794
me@photoshooting.com,405a073d-44e5-475c-a53f-9541aa578e9d,Dan S. Wilson 283749
me@photoshooting.com,4b285281-8742-4396-83ca-b43f1a238b6d,Dan S. Wilson 90793
Lilly3@gmail.com,38afb3e3-6856-4df8-ac69-873926c17606,Lilly Taylor 53435
Lilly3@gmail.com,0411ea12-cf57-4b43-ae17-e1677feec19f,Lilly Taylor 894
Lilly3@gmail.com,6df08994-0335-4463-a921-970f2349413f,Lilly Taylor 3698
